Title,Group,Twitter,Facebook,Gab,Instagram,YouTube,Pinterest,Reddit,Viemo,Ideology,Year
Legal Immigrants for America,https://www.golifa.com/,4golifa,4golifa,,,UCLfVvkzgxJKrBwPJwdXo-XQ,,,,Anti-Immigrant,2018
Abiding Truth Ministries,http://abidingtruthministry.com/,abidingtruth,AbidingTruthMinistry,,,,,,,Anti-LGBT,2018
Divine International Church of the Web,http://www.revandrewangel.com/,aceangel1974,,,,,,,,Christian Identity,2018
American College of Pediatricians,http://acpeds.org/,ACPeds,AmericanCollegeofPediatricians,,,UCAg9qCZpuP3xS0TpJDqepMQ,,,,Anti-LGBT,2018
ACT for America,http://actforamerica.org/,ACTforAmerica,actforamerica,,,act4america,,,,Anti-Muslim,2018
Ambassadors of Christ,https://afci.us/,AFCIUSA,Ambassadors-For-Christ-International-USA-146077788748579,,,,,,,Black Nationalist,2018
Affirmative Right,https://affirmativeright.blogspot.com/,AffirmativRight,AffirmativeRight,,,UC3mbbDeHnSgluTbLZZTFTpg,,,,White Nationalist,2018
Americans for Legal Immigration (ALIPAC),https://www.alipac.us/,ALIPAC,william.gheen,ALiPAC,,ALIPAC1,,,,Anti-Immigrant,2018
Alliance Defending Freedom,https://adflegal.org/; http://www.adfmedia.org/,AllianceDefends,AllianceDefendingFreedom,,alliancedefendingfreedom,AllianceDefends,alliancedefends,,,Anti-LGBT,2018
American Freedom Party,http://american3rdposition.com/,american3rdp,UCg4tN9uJ1PCPN5SbOt6mhrg,,,,,,,White Nationalist,2018
American Family Association,,americanfamassc,,,americanfamassc,UCgKpNKeiJK3-hAJppfIjnIw,,,user13761761,Anti-LGBT,2018
American Vision,http://americanvision.org/,americanvision,americanvision,,,americanvisiontv,,,,Anti-LGBT,2018
Unconstrained Analytics,https://unconstrainedanalytics.org/,AnalyzeEvidence,,,,,,,,Anti-Muslim,2018
Arktos Media,https://arktos.com,ArktosMedia,Arktos,arktos,arktosmedia,ArktosOnline,,,,White Nationalist,2018
Army of Israel,,armyofisrael,ARMYOFISRAELHEADQUARTERS,,,UCEsLznGCfqitlEmiJsMd_Yg,,,,Black Nationalist,2018
"Campus Ministry USA, The",http://www.brojed.org;https://brotherjed.blog/,brojed,cmusabrojed,,,UCMBjbgfFHbCSrw6rDJpUCIA,,,,Anti-LGBT,2018
Catholic Family News/Catholic Family Ministries Inc.,https://www.catholicfamilynews.org/,cathfamilynews,catholicfamilynews,,,cathfamilynews,,,,Radical Traditional Catholicism,2018
Christogenea,https://christogenea.org/,christogenea,christogenea,Christogena,,,,,,Christian Identity,2018
Church Militant/St. Michael's Media,http://churchmilitant.com/,church_militant,ChurchMilitantcom,,,ChurchMilitantTV,,,,Anti-LGBT,2018
Center for Immigration Studies,https://cis.org/,CIS_org,CenterforImmigrationStudies,,,UCbf7dXJcvB53zoxvNblnlLQ,,,,Anti-Immigrant,2018
Committee for Open Debate on the Holocaust,https://codoh.com/,codohvideo,bradleysmithcodoh,,,,,,,Holocaust Denial,2018
"Creativity Alliance, The",https://creativityalliance.com/,CreatorAlliance,,,,,,,,Neo-Nazi,2018
Californians for Population Stabilization,https://www.capsweb.org/,Crowdifornia,CaliforniansForPopulationStabilization,,,crowdifornia,,,,Anti-Immigrant,2018
"Dustin Inman Society, The",https://www.thedustininmansociety.org/,dakdis,RememberDustinInman,,,daatdis,,,,Anti-Immigrant,2018
Dixie Republic,https://dixierepublic.com/,dixierepublic,dixierepublicsc,,,UCFXHLN5vKrZ75UU1ixqDfcA,,,,Neo-Confederate,2018
D. James Kennedy Ministries,http://djameskennedy.org/,DJKMinistries,DJamesKennedy,,,,,,,Anti-LGBT,2018
ATLAH World Missionary Church (All The Land Anointed Holy),http://atlah.org/,DrJamesDManning,drjamesdavidmanning,,atlahworldwide,UCZaluHH3sS3zr-hdJMDlKPA,atlahworldwide,ATLAHWorldwide,atlahworldwide,Anti-LGBT,2018
Israel United In Christ,https://israelunite.org/,eldernathanyel,israelunited.inchrist,,israelunitedinchrist,UC8gdvMmoqFOcx2N8YdjqRxw,,,,Black Nationalist,2018
Culture Wars/Fidelity Press,http://www.culturewars.com/,EMichaelJones1,CultureWarsMag,,,UCqu-4AY-501xV5iCtt7dMKQ,,,,Radical Traditional Catholicism,2018
Euro Folk Radio,http://eurofolkradio.com/,eurofolkradio,eurofolkradio,,,EuroFolkRadioNet,,,,Christian Identity,2018
White Rabbit Radio,https://whiterabbitradio.net/,Eurorabbit,White-Rabbit-Radio-168615129976027,H_Avenger,,WhiteRabbitRadioTV,,,,White Nationalist,2018
Exodus/Americanus,https://exodusamericanus.com/,ExoAmericanus,exodusamericanus,,,,,,,White Nationalist,2018
Sicarii 1715,https://www.exodus1715.org/,exodus1715,Exodus1715,,exodus1715,UCqyt-hdnb98ur-A0osAOKug,,,,Black Nationalist,2018
Federation for American Immigration Reform,https://www.fairus.org/,FAIRImmigration,FAIRImmigration,,fairimmigration,fairfederation,,,,Anti-Immigrant,2018
Faith and Heritage,https://faithandheritage.com,faith_heritage,faithandheritage,,,,,,,White Nationalist,2018
Faith2Action,http://f2a.org/,faith2actiontwi,Faith2Action,,,faith2action,,,,Anti-LGBT,2018
Family Watch International,http://familywatch.org/,family_watch,familywatch,,,,familywatchintl,,,Anti-LGBT,2018
Forza Nuova,http://www.usa.forzanuova.info/,FNWestCoast,Forza-Nuova-USA-750884831604556,,,UCIJRut-Mq-N-P1zYUyxweSQ,,,,White Nationalist,2018
Asatru Folk Assembly,http://www.runestone.org/,FolkAsatru,AsatruFolkAssembly,,asatrufolkassembly,UCuWPZGha53HHRFoxFd7-7eQ,,,,General Hate,2018
Family Research Council,http://frc.org/,frcaction,familyresearchcouncil,,,UC2JPmy9Oi_5kAmaVPAInWFw,,,,Anti-LGBT,2018
Center for Family and Human Rights (C-FAM),http://c-fam.org/,FridayFax,centerforfamilyandhumanrights,,,,,,,Anti-LGBT,2018
Global Faith Institute,http://globalfaith.org/,globalfaithinst,globalfaithinstitute,,,globalfaithinstitute,,,,Anti-Muslim,2018
Radio Jihad/Global Patriot Radio,http://www.globalpatriotradio.com/,gpatriotradio,gpatriotradio,,,,,,,Anti-Muslim,2018
Stop CSE,,HelpStopCSE,,,,,,,,,
Independent History & Research,,HoffmanMichaelA,,,,,,,,Holocaust Denial,2018
Identity Dixie,https://identitydixie.com/,identitydixie1,identitydixie,,identity_dixie,UCbUJ4bSI5LGysuouybbGA7g,,,,Neo-Confederate,2018
Institute for Historical Review,https://www.ihr.org/,ihr_history,ihrpage,,,UCu3qbH_KcelmuZgvIKihVWg,,,,Holocaust Denial,2018
Immigration Reform Law Institute,https://www.irli.org/,IRLILaw,IRLILaw,,,UCWgz49LlM-SwohWO8KxY_QQ,,,,Anti-Immigrant,2018
Israelites Saints of Christ,IsraelitesSaintsOfChrist.org,isoc_hq,IsraelitesSaintsOfChrist,,,UCv9-PJys2IToog6qiUbq7fQ,,,,Black Nationalist,2018
"Political Cesspool, The",https://www.thepoliticalcesspool.org/,JamesEdwardsTPC,,,,,,,,White Nationalist,2018
Glasov Gang Productions,https://jamieglazov.com/category/the-glazov-gang/,jamieglazov,glazovgang,JamieGlazov,,UCqCK5RFjwgmx2z4sOjqd-kQ,,,,Anti-Muslim,2018
Jihad Watch,https://www.jihadwatch.org/,jihadwatchRS,JihadWatch,,,JihadWatchVideo,,,,Anti-Muslim,2018
Generations,http://generations.org/,kevinpswanson,generationsradio,,,,,,,Anti-LGBT,2018
Liberty Counsel,http://lc.org/,libertycounsel,LibertyCounsel,,libertycounsel,LibertyCounsel,,,,Anti-LGBT,2018
Luxor Couture,https://www.luxorcouture.com/,luxorcouture,luxorcouturepage,,luxorcouture,luxorcouture,,,,Black Nationalist,2018
Mass Resistance,http://massresistance.org/,massresistance,massresistance,MassResistance,,UC9sHfP6JQOn1j4bytMsvOmA,,,,Anti-LGBT,2018
Christian Revival Center,http://christianidentitychurch.net/,michaelotano,ChristianRevivalCenter.org,,crc_revival,otanoteamministries,,,,Christian Identity,2018
Mission to Israel,https://www.missiontoisrael.org/,MissionToIsrael,missiontoisrael,,,UCBrUum3YpAxrK_Z_fv7D-gg,,,,Christian Identity,2018
North Carolina Pastors Network,https://ncpastors.net/,NCPastors,americanpastorsnetwork,,,SamRohrer1,,,,Anti-Muslim,2018
Counter-Currents Publishing,https://www.counter-currents.com/,NewRightAmerica,,,,,,,,White Nationalist,2018
Nation of Islam,https://www.noi.org/,OfficialNOI,OfficialNationOfIslam,,,UCCLPW49nIdYqvfStsed42AQ,,,,Black Nationalist,2018
Oregonians for Immigration Reform,https://www.oregonir.org/,oregonir,Oregonians-for-Immigration-Reform-211904185099,,,UCzfPl-7tjG3Q8SmJO57CPOQ,,,,Anti-Immigrant,2018
Pacific Justice Institute,http://pacificjustice.org/,pacificjustice,PacificJusticeInstitute,,pacificjusticeinstitute,PacificJustice,,,,Anti-LGBT,2018
Patriot Front,https://patriotfront.us/,patriotfront2,,,,,,,,White Nationalist,2018
Americans for Truth About Homosexuality,http://americansfortruth.com/,PeterLaBarbera,therealtruthaboutLGBT,SayNo2BigGay,PeterLaBarbera,,,,,Anti-LGBT,2018
Proclaiming Justice to the Nations,https://www.pjtn.org/welcome?splash=1,PJTN,PJTNfans,,,UCTsfQhxs_so3lF_PD5QzGDg,,,,Anti-Muslim,2018
Political Islam,https://www.politicalislam.com/,politicalislam,billwarnerauthor,,,UC0Uu4XnRS1hiz3JCpNFIuUg,,,,Anti-Muslim,2018
ProEnglish,https://proenglish.org,proenglishusa,proenglish,,,ProEnglishOrg,,,,Anti-Immigrant,2018
Illinois Family Institute,http://illinoisfamily.org/,ProFamilyIFI,IllinoisFamilyInstitute,,illinoisfamilyinstitute,ILFamilyInstitute,,,,Anti-LGBT,2018
Texans for Immigration Reduction and Enforcement,http://www.tfire.org/,ProtectRborders,TexansForImmigrationReductionAndEnforcement,,,UCPGQr1n-ZODY62rW1QYb_4A,,,,Anti-Immigrant,2018
Pass the Salt Ministries,http://coachdavelive.com/,ptsalt,coachdavedaubenmire,,,UCcCMnLarXBq2Kke0J3dq5dA,,,,Anti-LGBT,2018
The Realist Report,https://therealistreport.com/,RealistReport,,,,UCmRa1wLk8TYPutAtNXsubyA,,,,Holocaust Denial,2018
Red Ice,https://redice.tv/,redicetv,RedIceCreations,,,RedIceRadio,,,,White Nationalist,2018
Refugee Resettlement Watch,https://refugeeresettlementwatch.wordpress.com/,RefugeeWatcher,,,,,,,,Anti-Muslim,2018
"Remnant, The/The Remnant Press",https://remnantnewspaper.com/web/,remnantnews,TheRemnantNewspaper,,,TheRemnantvideo,,,,Radical Traditional Catholicism,2018
Return of Kings,http://www.returnofkings.com/,returnofkings,,,kingroosh,roosh4,,,,Male Supremacy,2018
Nation of Kings and Priests,http://nationofkingsandpriests.org/,revelation5_10,NationofKingsandPriests,,,UCsJo2xeU0BnzdjONpBwPGlA,,,,Black Nationalist,2018
National Policy Institute,https://nationalpolicy.institute/,RichardBSpencer,,,,NPIAmerica,,,,White Nationalist,2018
Chalcedon Foundation,http://chalcedon.edu/,rjrushdoony,chalcedonfoundation,BeverlySchmitt,,UCn6dE1Ha8uX87_DBMfjwkeQ,,,,Anti-LGBT,2018
Faithful Word Baptist Church,http://faithfulwordbaptist.org/,sanderson1611,Faithful-Word-Baptist-Church-183465927963,,,UC1m8xziN3z-TQB0jarDeT2w,,,,Anti-LGBT,2018
"Pray in Jesus Name Project, The",http://prayinjesusname.org/,savechaps,prayinjesusname,,,chaplaingate,,,,Anti-LGBT,2018
Truth in Love Project,http://www.tilproject.com/,shahramhadian,tilproject,,,Hadian2012,,,,Anti-Muslim,2018
Slaves of the Immaculate Heart of Mary,https://www.saintbenedict.com/item/87-slaves-of-the-immaculate-heart-of-mary,StBenedictCtr,SaintBenedictCenter,,,UCZZxENmX2xVyHFH5qSSKQSg,,,,Radical Traditional Catholicism,2018
"Remembrance Project, The",https://theremembranceproject.org/,StolenLivesQlt,StolenLivesQuilt,,,UCo6v_nySK8hIEEJiWO0Ap-A,,,,Anti-Immigrant,2018
White Aryan Resistance,https://www.resist.com/,terribletommy,,,,UCWLLq8ZDIKn3lcbakyt4j2Q,,,,Neo-Nazi,2018
"United West, The",https://www.theunitedwest.org/,TheUnitedWest,TheUnitedWest,TheUnitedWest,,UCOLne0GBKmwwzSUM3oFGtsg,,,,Anti-Muslim,2018
Occidental Observer,https://www.theoccidentalobserver.net/,TOOEdit,,,,UCVL-NtVxGUTAuba3QpIqiZg,,,,White Nationalist,2018
Tradition in Action,https://www.traditioninaction.org/,traditionaction,,,,UC2kFnLbqWhzFwXfNS94HKVw,,,,Radical Traditional Catholicism,2018
Concerned Christian Citizens,http://concernedchristiancitizens.org/,txconcern,CentralTexasCCC,,,,,,,Anti-LGBT,2018
United Kingdom of Israel Congregation,https://www.unitedkingdomofisrael.org/,ukoic_hq,UnitedKingdomOfIsrael,,,UCgfKiXGqJqZloLRn9-_7HNA,,,,Black Nationalist,2018
"Straight Way and More, The",http://www.thestraightway.org/,Usamaway,TheStraightWayofGrace,,,usamaway,,,,Anti-Muslim,2018
American Patriot Brigade,https://www.uspatriotbrigade.com/,uspatriotbrig,,,,,,,,Racist Skinhead,2018
Understanding the Threat,https://www.understandingthethreat.com/,UTT_USA,UnderstandingtheThreat,,,UCXY4laB0vrcGiYS6XI6M6xA,,,,Anti-Muslim,2018
Virginia Christian Alliance,https://vachristian.org/,vachristian,Virginia-Christian-Alliance-168587106642131,,,UCsvSpCJku3bGHX1WUy0VQYg,,,,Anti-Muslim,2018
VDARE Foundation,https://vdare.com/,vdare,VDAREcom-385640741463156,VDARE,,UCORGNJpLcsNSoIMyewxBZTw,,,,White Nationalist,2018
Vanguard News Network,http://www.vanguardnewsnetwork.com/,VNNForum_,Vanguard-news-network-399865966690293,Alex_Linder,,,,,,Neo-Nazi,2018
"Shoebat Foundation, The",http://shoebat.com/,walidshoebat,,,,,,,,Anti-Muslim,2018
War On The Horizon,https://waronthehorizon.com/site/,WarontheHorizon,irritatedgenieofsoufeese,,,UCh7-UxCKnYPb-NNQlIvm5ug,,,,Black Nationalist,2018
American Border Patrol,https://www.americanborderpatrol.com/,,Seidarm,,,,,,,Anti-Immigrant,2018
American Immigration Control Foundation/Americans for Immigration Control,https://www.immigrationcontrol.com/,,Americans-for-Immigration-Control-Inc-173720265972046,,,,,,,Anti-Immigrant,2018
Colorado Alliance for Immigration Reform,http://www.cairco.org/,,CAIRCO,,,,,,,Anti-Immigrant,2018
Mountain Minutemen,http://www.mountainminutemen.com/,,mountainminutemen,,,UCH9ra94He1iLwlWdj9z385g,,,,Anti-Immigrant,2018
Respect Washington,http://www.respectwashington.us/,,respectwashington.us,,,,,,,Anti-Immigrant,2018
San Diegans for Secure Borders,https://sdsb.weebly.com/,,,,,UCaR3zI-J0Z7H5CbhD4QDa2Q,,,,Anti-Immigrant,2018
Bible Believers Fellowship,,,Bible-Believers-Fellowship-567922926625879,BibleBelieversFellowship,,bbbfohio,,,,Anti-LGBT,2018
Conservative Republicans of Texas,,,crtpac,,,ConservativeRepubTX,,,,Anti-LGBT,2018
Family Research Institute,,,,,,,,,,Anti-LGBT,2018
Heterosexuals Organized for a Moral Environment (H.O.M.E.),,,,,,,,,,Anti-LGBT,2018
Mission: America,,,,,,,,,,Anti-LGBT,2018
Pilgrims Covenant Church,,,,,,,,,,Anti-LGBT,2018
Probe Ministries,,,,,,,,,,Anti-LGBT,2018
Public Advocate of the United States,,,,,,,,,,Anti-LGBT,2018
Ruth Institute,Ruth Institute,,,,,,,,,Anti-LGBT,2018
Save California,,,,,,,,,,Anti-LGBT,2018
Stedfast Baptist Church,,,,,,,,,,Anti-LGBT,2018
Sure Foundation Baptist Church,,,,,,,,,,Anti-LGBT,2018
Tom Brown Ministries,,,,,,,,,,Anti-LGBT,2018
True Light Pentecost Church,,,,,,,,,,Anti-LGBT,2018
United Families International,,,,,,,,,,Anti-LGBT,2018
Verity Baptist Church,,,,,,,,,,Anti-LGBT,2018
Warriors for Christ,,,,,,,,,,Anti-LGBT,2018
Westboro Baptist Church,,,,,,,,,,Anti-LGBT,2018
World Congress of Families/International Organization for the Family,,,,,,,,,,Anti-LGBT,2018
American Freedom Alliance,,,AmericanFreedomAlliance,,,,,,,Anti-Muslim,2018
American Freedom Defense Initiative,,,,,,,,,,Anti-Muslim,2018
American Freedom Law Center,,,,,,,,,,Anti-Muslim,2018
American Public Policy Alliance,,,,,,,,,,Anti-Muslim,2018
Bomb Islam,,,,,,,,,,Anti-Muslim,2018
Bureau on American Islamic Relations,,,,,,,,,,Anti-Muslim,2018
Center for Security Policy,Center for Security Policy,,,,,,,,,Anti-Muslim,2018
Christian Action Network,,,,,,,,,,Anti-Muslim,2018
Citizens for National Security,,,,,,,,,,Anti-Muslim,2018
Citizens for the St. Croix Valley,,,,,,,,,,Anti-Muslim,2018
Citizens' Action Group of South Florida,,,,,,,,,,Anti-Muslim,2018
Clarion Project,,,,,,,,,,Anti-Muslim,2018
Counter Jihad Coalition,,,,,,,,,,Anti-Muslim,2018
Cultures In Context Incorporated/Turning Point Project,,,,,,,,,,Anti-Muslim,2018
David Horowitz Freedom Center,,,,,,,,,,Anti-Muslim,2018
Faith Leaders for America,,,,,,,,,,Anti-Muslim,2018
Family Security Matters,Family Security Matters,,,,,,,,,Anti-Muslim,2018
Florida Family Association,,,,,,,,,,Anti-Muslim,2018
Fortress of Faith,https://fortressoffaith.com/,,,,,,,,,Anti-Muslim,2018
Foundation for Advocating Christian Truth,,,,,,,,,,Anti-Muslim,2018
G416 Patriots,,,IdahoG416Patriots,,,,,,,Anti-Muslim,2018
Keep South Dakota Safe PAC,,,,,,,,,,Anti-Muslim,2018
Last Chance Patriots,http://www.lastchancepatriots.org/,,MontanaSOS,,,,,,,Anti-Muslim,2018
Soldiers of Odin,,,,,,,,,,Anti-Muslim,2018
Southeast Michigan Tea Party,https://www.semich912teaparty.org/,,,,,,,,,Anti-Muslim,2018
Sunshine on Government (SONG) Alliance,,,sunshineongovernment,,,,,,,Anti-Muslim,2018
Truth in Textbooks,https://truthintexastextbooks.com,,truthintextbooks,,,,,,,Anti-Muslim,2018
All Eyes On Egypt Bookstore,,,,,,,,,,Black Nationalist,2018
Ancient Egyptian Distribution Company,,,AncientEgyptianDistributionCompany,,,,,,,Black Nationalist,2018
Black Riders Liberation Party,https://2servethapeople.wixsite.com/brlp,,Black-Riders-Liberation-Party-552621838086002,,,,,,,Black Nationalist,2018
Great Millstone,,,,,,,,,,Black Nationalist,2018
House of David,https://www.israelitehouseofdavid.com/,,israelitehouseofdavid,,,,,,,Black Nationalist,2018
House of Israel,,,,,,,,,,Black Nationalist,2018
International Society of Indigenous Sovereigns,,,,,,,,,,Black Nationalist,2018
"Israelite Church of God in Jesus Christ, The",,,,,,,,,,Black Nationalist,2018
Israelite School of Universal Practical Knowledge,,,,,,,,,,Black Nationalist,2018
Israelite the Branches,,,,,,UCZCYQ4ZEqorsWI4NiBMi_ew,,,,Black Nationalist,2018
Lion of Judah - Jeshurun Lions,,,Jeshuurrn,,,UCVeo-1dV1N2w9qjK1Bd50jg,,,,Black Nationalist,2018
Lions of Israel,https://www.thelionsofisrael.com/,,,,,UCMyKO2IkFvING9sMU6CN7RA,,,,Black Nationalist,2018
Masharah Yasharahla - Government of Israel,https://masharahyasharahla.com/,,,,,,,,,Black Nationalist,2018
Mountains of Israel,,,,,,,,,,Black Nationalist,2018
New Black Liberation Militia,https://sites.google.com/site/newblackliberationinstitute/home,,,,,,,,,Black Nationalist,2018
New Black Panther Party,http://www.nbpp.org/home.html,,thenewblackpantherparty,,,,,,,Black Nationalist,2018
New Black Panther Party for Self Defense,,,,,,,,,,Black Nationalist,2018
Northern Kingdom Prophets,,,,,,,,,,Black Nationalist,2018
OneBody in Yahawashi,,,,,,,,,,Black Nationalist,2018
Revolutionary Black Panther Party,http://www.therevolutionaryblackpantherparty.org/,,,,,,,,,Black Nationalist,2018
The United Nuwaupians Worldwide/All Eyes on Egipt,http://unwonline.org/,,,,,,,,,Black Nationalist,2018
True Nation Israelite Congregation,http://truenation.org/,,,,,,,,,Black Nationalist,2018
Trumpet in Philly,,,,,,UCb9uSGsMDuEZyRj4DyTCpFg,,,,Black Nationalist,2018
Watchmen of Israel,,,,,,,,,,Black Nationalist,2018
America's Promise Ministries,https://www.americaspromiseministries.org/,,,,,americaspromisemin,,,,Christian Identity,2018
Christian America Ministries,http://www.christianamericaministries.com/,,Christian.America.Ministries,,,UC73x6koIf8Ltd5MKa5SprXA,,,,Christian Identity,2018
Church of Israel,http://www.churchofisrael.org/,,churchofisrael.org,,,UCgAs9XTq0gZCYP_eTyIIJCw,,,,Christian Identity,2018
Covenant People's Ministry,https://covenantpeoplesministry.org/,,,,,,,,,Christian Identity,2018
Fellowship of God's Covenant People,,,,,,,,,,Christian Identity,2018
Kingdom Identity Ministries,https://www.kingidentity.com/,,Kingdom-Identity-Ministries-238829923184852,,,,,,,Christian Identity,2018
Our Place Fellowship,,,,,,,,,,Christian Identity,2018
Restored Assembly of Elohim,https://raoe.org/,,,,,,,,,Christian Identity,2018
Sacred Truth Publishing & Ministries,https://sacredtruthministries.com/,,,,,,,,,Christian Identity,2018
Scriptures for America Worldwide Ministries,http://www.scripturesforamerica.org/,,,,,UChd5fkQYV5xu4kYzYiEq0hQ,,,,Christian Identity,2018
Yahushua Dual Seed Christian Identity Ministry,,,,,,,,,,Christian Identity,2018
Yahweh's Truth,,,,,,,,,,Christian Identity,2018
Folkgard of Holda & Odin,,,,,,UC87V0xcnVaqkIEBZWx3Trrg,,,,General Hate,2018
Gallows Tree Wotansvolk Alliance,,,,,,,,,,General Hate,2018
Pacific Northwest Wolfpack Kindred,https://www.pnwkindred.com/,,pnwkindred,,,,,,,General Hate,2018
Wolf Age,,,,,,,,,,General Hate,2018
Wolves of Vinland,,,,,,,,,,General Hate,2018
Wotan's Nation,,,,,,,,,,General Hate,2018
211 Bootboys,,,,,,,,,,General Hate,2018
a2z Publications,,,,,,,,,,General Hate,2018
American Free Press,,,,,,,,,,General Hate,2018
American Guard,,,,,,,,,,General Hate,2018
Bill Keller Ministries,,,,,,,,,,General Hate,2018
"Brother Nathanael Foundation, The",,,,,,,,,,General Hate,2018
Chick Publications,,,,,,,,,,General Hate,2018
Concerned Citizens and Friends of Illegal Immigration Law Enforcement,,,,,,,,,,General Hate,2018
Cultural Studies Press,,,,,,,,,,General Hate,2018
Dixie Giftshop,,,,,,,,,,General Hate,2018
European-American Evangelistic Crusades,,,,,,,,,,General Hate,2018
Fundamentalist Latter Day Saints,Fundamentalist Church of Jesus Christ of Latter-Day Saints,,,,,,,,,General Hate,2018
Hatreon,,,,,,,,,,General Hate,2018
Hell Shaking Street Preachers,,,,,,,,,,General Hate,2018
Insight USA,,,,,,,,,,General Hate,2018
Jamaat al-Muslimeen,,,,,,,,,,General Hate,2018
Jewish Defense League,,,,,,,,,,General Hate,2018
Jewish Task Force,,,,,,,,,,General Hate,2018
Kingston Group,,,,,,,,,,General Hate,2018
Last Frontier Evangelism- Repent Alaska,,,,,,,,,,General Hate,2018
Lordship Church,,,,,,,,,,General Hate,2018
Masjid al Islam - As Sabiqun,,,,,,,,,,General Hate,2018
Nationalist Liberty Union,,,,,,,,,,General Hate,2018
Official Street Preachers,,,,,,,,,,General Hate,2018
Ozark Craft LC,,,,,,,,,,General Hate,2018
Patriot Movement AZ,,,,,,,,,,General Hate,2018
Power of Prophecy,,,,,,,,,,General Hate,2018
Proud Boys,Proud Boys,,,,,,,,,General Hate,2018
Reformation-Bible Puritan-Baptist Church/Vatican Assassins,,,,,,,,,,General Hate,2018
Rense Radio Network,,,,,,,,,,General Hate,2018
Samanta Roy Institute of Science and Technology,,,,,,,,,,General Hate,2018
Sharkhunters International,,,,,,,,,,General Hate,2018
Sons of Liberty Media (formerly You Can Run But You Cannot Hide),,,,,,,,,,General Hate,2018
Tony Alamo Christian Ministries,,,,,,,,,,General Hate,2018
American Defense Records,,,,,,,,,,Hate Music,2018
BeaSSt Productions,,,,,,,,,,Hate Music,2018
Elegy Records,,,,,,,,,,Hate Music,2018
Hostile Class Productions,,,,,,,,,,Hate Music,2018
Hypgnosis Records,,,,,,,,,,Hate Music,2018
ISD Records,,,,,,,,,,Hate Music,2018
Label 56,,,,,,,,,,Hate Music,2018
MSR Productions,,,,,,,,,,Hate Music,2018
NSM88 Records,,,,,,,,,,Hate Music,2018
Stahlhelm Records,,,,,,,,,,Hate Music,2018
Tightrope,,,,,,,,,,Hate Music,2018
United Riot Records,,,,,,,,,,Hate Music,2018
Vinlandic Werwolf Distribution,,,,,,,,,,Hate Music,2018
Wolf Tyr Productions,,,,,,,,,,Hate Music,2018
Wolf's Head Records,,,,,,,,,,Hate Music,2018
"Barnes Review/Foundation for Economic Liberty, Inc.",https://barnesreview.org/,,,,,,,,,Holocaust Denial,2018
carolynyeager.net,https://carolynyeager.net/,,,,,,,,,Holocaust Denial,2018
Deir Yassin Remembered,http://www.deiryassin.org/,,Deir-Yassin-Remembered-1445798282318404,,,,,,,Holocaust Denial,2018
American Christian Dixie Knights of the Ku Klux Klan,https://sites.google.com/site/ackkukluxklan/home,,,,,,,,,Ku Klux Klan,2018
American Christian Knights of the Ku Klux Klan,http://ackkknights.com/index.html,,,,,,,,,Ku Klux Klan,2018
American White Knights of the Ku Klux Klan,,,,,,,,,,Ku Klux Klan,2018
Aryan Knights of the Invisible Empire,,,,,,,,,,Ku Klux Klan,2018
Church of the National Knights of the Ku Klux Klan,,,,,,,,,,Ku Klux Klan,2018
Confederate White Knights of the Ku Klux Klan,,,,,,,,,,Ku Klux Klan,2018
East Coast Knights of the True Invisible Empire,https://www.eastcoastknightsofthetrueinvisibleempire.com/,,,,,,,,,Ku Klux Klan,2018
Global Crusaders: Order of the Ku Klux Klan,,,,,,,,,,Ku Klux Klan,2018
Honorable Sacred Knights of the Ku Klux Klan,,,,,,,,,,Ku Klux Klan,2018
International Keystone Knights of the Ku Klux Klan,,,,,,,,,,Ku Klux Klan,2018
Knights of the Ku Klux Klan,Knights of the Ku Klux Klan,,,,,,,,,Ku Klux Klan,2018
Loyal White Knights of the Ku Klux Klan,,,,,,,,,,Ku Klux Klan,2018
Mississippi White Knights of the Ku Klux Klan,,,,,,,,,,Ku Klux Klan,2018
Noble Klans of America,,,,,,,,,,Ku Klux Klan,2018
Nordic Order Knights of the Ku Klux Klan,,,,,,,,,,Ku Klux Klan,2018
"Original Knights of America, Knights of the Ku Klux Klan",,,,,,,,,,Ku Klux Klan,2018
Pacific Coast Knights of the Ku Klux Klan,,,,,,,,,,Ku Klux Klan,2018
Patriotic Brigade Knights of the Ku Klux Klan,,,,,,,,,,Ku Klux Klan,2018
Rebel Brigade Knights True Invisible Empire,,,,,,,,,,Ku Klux Klan,2018
Teutonic Knights of the Ku Klux Klan,,,,,,,,,,Ku Klux Klan,2018
Texas Rebel Knights of the Ku Klux Klan,,,,,,,,,,Ku Klux Klan,2018
Traditionalist American Knights of the Ku Klux Klan,,,,,,,,,,Ku Klux Klan,2018
United Dixie White Knights of the Ku Klux Klan,,,,,,,,,,Ku Klux Klan,2018
United Klans of America,,,,,,,,,,Ku Klux Klan,2018
United Northern and Southern Knights of the Ku Klux Klan,,,,,,,,,,Ku Klux Klan,2018
United White Knights of the Ku Klux Klan,,,,,,,,,,Ku Klux Klan,2018
White Knights of Texas,,,,,,,,,,Ku Klux Klan,2018
A Voice For Men,https://www.avoiceformen.com,,A-Voice-for-Men-102001393188684,,,TheHappyMisogynist,,,,Male Supremacy,2018
League of the South,https://leagueofthesouth.com/,,,,,,,,,Neo-Confederate,2018
Southern Revivalist,,,,,,,,,,Neo-Confederate,2018
Wildman's Civil War Surplus and Herb Shop,http://www.wildmans-shop.com/,,Wildmans-Civil-War-Surplus-199015123642581,,,,,,,Neo-Confederate,2018
America First Committee,,,,,,,,,,Neo-Nazi,2018
American Nazi Party,https://www.americannaziparty.com/,,,anp14,,,,,,Neo-Nazi,2018
Aryan Nations Sadistic Souls MC,https://www.sadisticsoulsmc.org/,,,,,,,,,Neo-Nazi,2018
Atomwaffen Division,,,,,,,,,,Neo-Nazi,2018
"Creativity Movement, The",https://creativitymovement.net/,,,,,,,,,Neo-Nazi,2018
"Daily Stormer, The",https://dailystormer.name/,,,,,,,,,Neo-Nazi,2018
Endangered Souls RC Crew 519,https://www.endangerdsouls519.com/,,,,,,,,,Neo-Nazi,2018
National Alliance,https://natall.com/,,,,,,,,,Neo-Nazi,2018
National Alliance Reform and Restoration Group,National Alliance,,,,,,,,,Neo-Nazi,2018
National Socialist German Workers Party,,,,,,,,,,Neo-Nazi,2018
National Socialist Legion,,,,,,,,,,Neo-Nazi,2018
National Socialist Liberation Front,,,,,,,,,,Neo-Nazi,2018
National Socialist Movement,National Socialist Movement,,,,,,,,,Neo-Nazi,2018
Nationalist Initiative,https://www.nationalistinitiative.name/,,,NationalistInitiative,,,,,,Neo-Nazi,2018
Nationalist Women's Front,,,,,,,,,,Neo-Nazi,2018
New Order,,,,,,,,,,Neo-Nazi,2018
Noble Breed Kindred,https://nbkblog.wordpress.com/,,,,,,,,,Neo-Nazi,2018
NS Publications,http://nspublications.com/,,,,,,,,,Neo-Nazi,2018
PzG Inc.,https://www.pzg.biz/,,,,,,,,,Neo-Nazi,2018
Radio Wehrwolf,https://radiowehrwolf.world/,,,,,,,,,Neo-Nazi,2018
Third Reich Books,https://third-reich-books.com/,,,,,,,,,Neo-Nazi,2018
Traditionalist Worker Party,Traditionalist Worker Party,,,,,,,,,Neo-Nazi,2018
Vanguard America,,,,,,,,,,Neo-Nazi,2018
Vanguard America Women's Division,,,,,,,,,,Neo-Nazi,2018
AC Skins,,,,,,,,,,Racist Skinhead,2018
AC/OC,,,,,,,,,,Racist Skinhead,2018
American Front,,,,,,,,,,Racist Skinhead,2018
American Vikings Clothing,,,,,,,,,,Racist Skinhead,2018
Aryan Skins Kindred,,,,,,,,,,Racist Skinhead,2018
Be Active Front USA,,,,,,UCQI3wAjizArlKFORw2dtPRA,,,,Racist Skinhead,2018
Blood and Honour America Division,http://www.bloodandhonour.net/,,,,,,,,,Racist Skinhead,2018
Blood and Honour Social Club,Blood & Honour,,,,,,,,,Racist Skinhead,2018
Blood and Honour USA,,,,,,,,,,Racist Skinhead,2018
California Skinheads,,,,,,,,,,Racist Skinhead,2018
Confederate Hammerskins,,,,,,,,,,Racist Skinhead,2018
Crew 38,,,,,,,,,,Racist Skinhead,2018
Eastern Hammerskins,,,,,,,,,,Racist Skinhead,2018
Firm 22,,,,,,,,,,Racist Skinhead,2018
Golden State Skinheads,,,,,,,,,,Racist Skinhead,2018
Keystone State Skinheads,,,,,,,,,,Racist Skinhead,2018
Midland Hammerskins,,,,,,,,,,Racist Skinhead,2018
Northern Hammerskins,,,,,,,,,,Racist Skinhead,2018
Northwest Hammerskins,,,,,,,,,,Racist Skinhead,2018
Sacto Skins,,,,,,,,,,Racist Skinhead,2018
United Southern Skins,,,,,,,,,,Racist Skinhead,2018
Vinlanders Social Club,Vinlanders Social Club,,,,,,,,,Racist Skinhead,2018
Warrior's Pride Clothing,,,,,,,,,,Racist Skinhead,2018
Western Hammerskins,,,,,,,,,,Racist Skinhead,2018
Christ or Chaos,http://www.christorchaos.com/,,,,,,,,,Radical Traditional Catholicism,2018
"Fatima Crusader, The/International Fatima Rosary Crusade",,,,,,,,,,Radical Traditional Catholicism,2018
IHM Media,http://ihmmedia.net/,,,,,,,,,Radical Traditional Catholicism,2018
IHS Press,,,,,,,,,,Radical Traditional Catholicism,2018
In the Spirit of Chartres Committee,http://isoc.ws/,,,,,,,,,Radical Traditional Catholicism,2018
AltRight Corporation,,,,,,,,,,White Nationalist,2018
American Freedom Union,http://www.americanfreedomunion.com/,,TheNationalistTimes,,,,,,,White Nationalist,2018
American Renaissance/New Century Foundation,https://www.amren.com/,,,AmRenaissance,,AmRenVideos,,,,White Nationalist,2018
Auburn White Student Union,,,,auwsu,,,,,,White Nationalist,2018
"Conservative Citizens Foundation, Inc.",Council of Conservative Citizens,,,,,,,,,White Nationalist,2018
Council of Conservative Citizens,Council of Conservative Citizens,,,,,,,,,White Nationalist,2018
"Fitzgerald Griffin Foundation, The",http://www.fgfbooks.com/,,,,,,,,,White Nationalist,2018
Foundation for the Marketplace of Ideas,,,,,,,,,,White Nationalist,2018
Free American,http://freeamerican.com/,,,,,,,,,White Nationalist,2018
FreeStartr,,,,freestartr,,,,,,White Nationalist,2018
H.L. Mencken Club,http://hlmenckenclub.org/,,,,,UCjY5RgvUOul-JJ3do48ZUjw,,,,White Nationalist,2018
Identity Evropa,Identity Evropa,,,,,,,,,White Nationalist,2018
National Right,,,,,,,,,,White Nationalist,2018
New Albion,,,,,,,,,,White Nationalist,2018
Northwest Front,http://northwestfront.org/,,Northwest-Front-164047363744543,,,,,,,White Nationalist,2018
Occidental Dissent,http://www.occidentaldissent.com/,,,occdissent,,,,,,White Nationalist,2018
Occidental Quarterly/Charles Martel Society,Occidental Quarterly,,,,,,,,,White Nationalist,2018
Patriotic Flags,,,,,,,,,,White Nationalist,2018
Pioneer Little Europe Kalispell Montana,,,,,,,,,,White Nationalist,2018
Racial Nationalist Party of America,https://www.rnpaheadquarters.org/about-us,,,,,,,,,White Nationalist,2018
Radix Journal,https://radixjournal.com/,,,,,UCz1X_ZTGuYxhQDDca2Z8iQQ,,,,White Nationalist,2018
Real Republic of Florida,https://republicofflorida.wordpress.com/,,,,,,,,,White Nationalist,2018
Right Brand Clothing,,,,,,,,,,White Nationalist,2018
Rise Above Movement,,,,,,,,,,White Nationalist,2018
Scott-Townsend Publishers,https://www.scott-townsend.com/,,,,,,,,,White Nationalist,2018
Shieldwall Network,,,,,,,,,,White Nationalist,2018
Social Contract Press,https://www.thesocialcontract.com/,,,,,,,,,White Nationalist,2018
Stormfront,Stormfront,,,,,,,,,White Nationalist,2018
The Right Stuff,,,,,,,,,,White Nationalist,2018
True Cascadia,,,,,,,,,,White Nationalist,2018
Tyr 1 Security,,,,,,,,,,White Nationalist,2018
Unity and Security for America,,,,,,,,,,White Nationalist,2018
"Vandal Brothers, LLC",,,vandalvoid,,,UCQ-QFQL2a2ohdnr_bQvU3Kw,,,,White Nationalist,2018
Washington Summit Publishers,,,,,,,,,,White Nationalist,2018
WeSearchr,WeSearchr,,,WeSearchr,,,,,,White Nationalist,2018
Western Outlands Supply Company,,,,,,,,,,White Nationalist,2018
White Boy Society,,,,,,,,,,White Nationalist,2018
UN Family Rights Caucus,,,UNFRC,,,,,,,,